{"cameraMode":{"drawMode":0,"name":"Shaded","section":"Shading Mode"},"sceneLighting":true,"audioPlay":false,"sceneViewState":{"showFog":true,"showMaterialUpdate":false,"showSkybox":true,"showFlares":true,"showImageEffects":true,"showParticleSystems":true},"in2DMode":false,"pivot":{"x":-0.17256903648376466,"y":1.375701904296875,"z":-0.433876633644104},"rotation":{"x":0.010777254588901997,"y":-0.799716055393219,"z":0.014417998492717743,"w":0.6001541018486023},"size":1.1405407190322877,"orthographic":true}